parcours;num;oblig1;oblig2;oblig3;cons1;cons2;cons3;cons4;cons5;equiv1;equiv2;equiv3;equiv4;equiv5
and;1;anglais;ra;;dj;fosyma;rp;;;ml;iamsi;ihm;;
and;2;anglais;ra;;ml;dj;fosyma;;;ihm;rp;iamsi;;
and;3;ra;;;ihm;fosyma;dj;;;rp;ml;iamsi;;
and;4;anglais;ra;;ml;rp;dj;;;iamsi;ihm;fosyma;;
and;5;anglais;ra;;ihm;fosyma;dj;;;ml;rp;iamsi;;
and;6;anglais;ra;;ihm;dj;ml;;;iamsi;fosyma;rp;;
and;7;anglais;ra;;ihm;dj;ml;;;iamsi;fosyma;rp;;
and;8;anglais;ra;;iamsi;fosyma;dj;;;rp;ml;ihm;;
and;9;anglais;ra;;rp;dj;ml;;;ihm;fosyma;iamsi;;
and;10;anglais;ra;;ihm;fosyma;rp;;;iamsi;ml;dj;;
and;11;anglais;ra;;ihm;fosyma;dj;;;ml;rp;iamsi;;
and;12;anglais;ra;;fosyma;ihm;dj;;;rp;ml;iamsi;;
and;13;anglais;ra;;fosyma;iamsi;dj;;;ml;rp;ihm;;
and;14;anglais;ra;;fosyma;rp;ml;;;dj;ihm;iamsi;;
and;15;anglais;ra;;ml;fosyma;dj;;;ihm;iamsi;rp;;
and;16;anglais;ra;;rp;ihm;fosyma;;;dj;iamsi;ml;;
and;17;anglais;ra;;ml;fosyma;dj;;;iamsi;ihm;rp;;
and;18;anglais;ra;;fosyma;dj;rp;;;ml;ihm;iamsi;;
and;19;ra;;;rp;fosyma;ihm;;;dj;ml;iamsi;;
and;20;anglais;ra;;dj;ml;fosyma;;;iamsi;ihm;rp;;
and;21;anglais;ra;;dj;rp;fosyma;;;ml;iamsi;ihm;;
and;22;anglais;ra;;ihm;dj;fosyma;;;rp;iamsi;ml;;
and;23;anglais;ra;;dj;ihm;fosyma;;;iamsi;rp;ml;;
and;24;anglais;ra;;ihm;fosyma;dj;;;ml;rp;iamsi;;
and;25;anglais;ra;;fosyma;dj;iamsi;;;ihm;rp;ml;;
and;26;anglais;ra;;rp;ml;dj;;;iamsi;ihm;fosyma;;
and;27;anglais;ra;;ihm;iamsi;fosyma;;;rp;dj;ml;;
and;28;anglais;ra;;ml;ihm;fosyma;;;dj;rp;iamsi;;
and;29;anglais;ra;;ml;ihm;fosyma;;;dj;iamsi;rp;;
and;30;anglais;ra;;ihm;fosyma;dj;;;rp;iamsi;ml;;
and;31;anglais;ra;;rp;iamsi;ihm;;;ml;dj;fosyma;;
and;32;anglais;ra;;fosyma;ihm;rp;;;dj;iamsi;ml;;
and;33;anglais;ra;;fosyma;ihm;rp;;;dj;iamsi;ml;;
and;34;anglais;ra;;fosyma;ihm;rp;;;dj;ml;iamsi;;
and;35;anglais;ra;;ihm;dj;ml;;;rp;fosyma;iamsi;;
and;36;anglais;ra;;ihm;dj;ml;;;rp;fosyma;iamsi;;
and;37;anglais;ra;;dj;fosyma;ihm;;;iamsi;rp;ml;;
and;38;anglais;ra;;fosyma;rp;dj;;;ihm;ml;iamsi;;
and;39;anglais;ra;;dj;fosyma;rp;;;ml;iamsi;ihm;;
and;40;anglais;ra;;rp;ml;dj;;;fosyma;iamsi;ihm;;
and;41;anglais;ra;;rp;fosyma;ihm;;;dj;ml;iamsi;;
and;42;anglais;ra;;fosyma;rp;dj;;;iamsi;ml;ihm;;
and;43;anglais;ra;;fosyma;dj;iamsi;;;ihm;ml;rp;;
and;44;anglais;ra;;ml;rp;dj;;;fosyma;iamsi;ihm;;
dac;1;anglais;;;ml;rital;iamsi;bium;;sam;;;;
dac;2;anglais;;;ml;rital;sam;bium;;iamsi;;;;
dac;3;anglais;;;ml;iamsi;rital;bium;;sam;;;;
dac;4;anglais;;;ml;bium;rital;iamsi;;sam;;;;
dac;5;anglais;;;ml;rital;sam;bium;;iamsi;;;;
dac;6;anglais;;;ml;rital;bium;sam;;iamsi;;;;
dac;7;anglais;;;sam;rital;ml;iamsi;;bium;;;;
dac;8;anglais;;;ml;rital;iamsi;sam;;bium;;;;
dac;9;anglais;;;ml;rital;sam;bium;;iamsi;;;;
dac;10;anglais;;;ml;iamsi;rital;bium;;sam;;;;
dac;11;anglais;;;ml;iamsi;rital;sam;;bium;;;;
dac;12;anglais;;;iamsi;sam;ml;rital;;bium;;;;
dac;13;anglais;;;ml;bium;rital;sam;;iamsi;;;;
dac;14;anglais;;;rital;sam;iamsi;ml;;bium;;;;
dac;15;anglais;;;ml;bium;rital;sam;;iamsi;;;;
dac;16;anglais;;;ml;bium;iamsi;rital;;sam;;;;
dac;17;anglais;;;ml;iamsi;rital;bium;;sam;;;;
dac;18;anglais;;;sam;ml;iamsi;bium;;rital;;;;
dac;19;anglais;;;ml;rital;bium;sam;;iamsi;;;;
dac;20;anglais;;;ml;bium;rital;iamsi;;sam;;;;
dac;21;anglais;;;ml;sam;bium;rital;;iamsi;;;;
dac;22;anglais;;;iamsi;ml;bium;sam;;rital;;;;
dac;23;anglais;;;ml;rital;iamsi;bium;;sam;;;;
dac;24;anglais;;;ml;rital;iamsi;sam;;bium;;;;
dac;25;anglais;;;ml;rital;iamsi;sam;;bium;;;;
ima;1;ig3d;;;rp;iamsi;;;;ihm;dj;mll;;
ima;2;anglais;ig3d;;cge;ihm;fosyma;;;mll;iamsi;ml;hpc;
ima;3;anglais;ig3d;;anum;ml;hpc;;;ra;flag;dj;iamsi;
ima;4;anglais;ig3d;;cge;iamsi;ihm;;;mll;rital;fosyma;hpc;
ima;5;anglais;ig3d;;ra;ml;rital;;;cge;rp;hpc;fosyma;
ima;6;anglais;ig3d;;mll;rital;ml;;;anum;dj;fosyma;iamsi;
ima;7;anglais;ig3d;;mll;rp;rital;;;cge;iamsi;ihm;hpc;
ima;8;anglais;ig3d;;ra;fosyma;ml;;;anum;dj;iamsi;rital;
ima;9;anglais;ig3d;;ra;dj;iamsi;;;mll;rital;hpc;fosyma;
ima;10;anglais;ig3d;;cge;ml;dj;;;mll;rp;iamsi;flag;
ima;11;anglais;ig3d;;mll;iamsi;rp;;;ra;dj;rital;ihm;
ima;12;anglais;ig3d;;mll;hpc;ml;;;ra;rp;rital;iamsi;
iq;1;anglais;qiintro;;anum;flag;;;;pc2r;ig3d;;;
iq;2;anglais;qiintro;;anum;ig3d;;;;sdm;flag;;;
iq;3;anglais;qiintro;;anum;hpc;;;;pc2r;sdm;;;
iq;4;anglais;qiintro;;anum;hpc;;;;sdm;pc2r;;;
iq;5;anglais;qiintro;;ig3d;hpc;;;;flag;;;;
iq;6;anglais;qiintro;;hpc;sdm;;;;pc2r;;;;
iq;7;anglais;qiintro;;flag;hpc;;;;ig3d;;;;
iq;8;anglais;qiintro;;flag;hpc;;;;ig3d;;;;
sar;1;anglais ;;;ar;pnl;srcs;sftr;;multi;ioc;fpga;;
sar;2;anglais ;;;ar;srcs;pnl;sftr;;ioc;multi;fpga;;
sar;3;anglais ;;;pnl;sftr;srcs;ar;;fpga;ioc;multi;;
sar;4;anglais ;;;pnl;srcs;ar;fpga;;sftr;ioc;multi;;
sar;5;anglais ;;;pnl;srcs;ar;ioc;;sftr;multi;fpga;;
sar;6;anglais ;;;srcs;sftr;multi;ioc;;fpga;;;;
sar;7;anglais ;;;ar;sftr;srcs;pnl;;ioc;multi;fpga;;
sar;8;anglais ;;;srcs;pnl;ioc;sftr;;multi;ar;fpga;;
sar;9;anglais ;;;fpga;srcs;multi;ar;;sftr;;;;
sar;10;anglais ;;;pnl;sftr;srcs;ar;;multi;ioc;fpga;;
sar;11;anglais ;;;pnl;srcs;ar;sftr;;fpga;ioc;multi;;
sar;12;anglais ;;;pnl;ar;sftr;ioc;;fpga;multi;srcs;;
sar;13;anglais ;;;pnl;srcs;sftr;ar;;ioc;fpga;multi;;
sar;14;anglais ;;;pnl;sftr;multi;ioc;;ar;srcs;fpga;;
sar;15;anglais ;;;ar;sftr;srcs;ioc;;multi;fpga;pnl;;
sar;16;anglais ;;;pnl;sftr;srcs;multi;;ar;fpga;ioc;;
sar;17;anglais ;;;srcs;sftr;ar;multi;;fpga;ioc;pnl;;
sar;18;anglais ;;;srcs;pnl;ar;sftr;;ioc;multi;fpga;;
sar;19;anglais ;;;pnl;srcs;ar;sftr;;multi;ioc;fpga;;
sar;20;anglais ;;;pnl;srcs;ar;sftr;;multi;ioc;fpga;;
sar;21;anglais ;;;pnl;srcs;sftr;ar;;multi;ioc;fpga;;
sar;22;anglais ;;;srcs;pnl;ar;sftr;;fpga;ioc;multi;;
sar;23;anglais ;;;pnl;ioc;ar;fpga;;sftr;srcs;multi;;
sar;24;anglais ;;;pnl;ar;srcs;ioc;;sftr;fpga;multi;;
sar;25;anglais ;;;pnl;srcs;ar;sftr;;multi;fpga;ioc;;
sar;26;anglais ;;;pnl;srcs;ioc;multi;;sftr;ar;fpga;;
sar;27;anglais ;;;sftr;ar;srcs;fpga;;pnl;multi;ioc;;
sar;28;anglais ;;;pnl;ioc;ar;srcs;;multi;sftr;fpga;;
sar;29;anglais ;;;pnl;srcs;ar;sftr;;fpga;ioc;multi;;
sar;30;anglais ;;;pnl;ar;sftr;srcs;;ioc;fpga;multi;;
sesi;1;anglais ;cge;;pnl;ar;multi;ioc;;comnum;fpga;;;
sesi;2;anglais ;cge;;fpga;multi;ioc;pnl;;comnum;projet;;;
sesi;3;anglais ;cge;;ioc;multi;pnl;fpga;;comnum;ar;;;
sesi;4;anglais ;cge;;projet;multi;fpga;ioc;;pnl;ecfa;;;
sesi;5;anglais ;cge;;multi;ioc;projet;fpga;;ecfa;comnum;;;
sesi;6;anglais ;cge;;projet;ecfa;fpga;multi;;ioc;comnum;;;
sesi;7;anglais ;cge;;projet;ioc;multi;pnl;;fpga;ar;;;
sesi;8;anglais ;cge;;fpga;multi;projet;ioc;;pnl;ar;;;
sesi;9;anglais ;cge;;projet;fpga;ioc;multi;;pnl;ecfa;;;
sesi;10;anglais ;cge;;projet;multi;pnl;fpga;;ar;ioc;;;
sesi;11;anglais ;cge;;multi;fpga;ioc;pnl;;projet;ar;;;
sesi;12;anglais ;cge;;multi;fpga;ioc;projet;;ecfa;comnum;;;
sesi;13;anglais ;cge;;ioc;projet;pnl;fpga;;ar;multi;;;
sesi;14;anglais ;cge;;ioc;multi;projet;ecfa;;comnum;fpga;;;
sesi;15;anglais ;cge;;fpga;multi;projet;ar;;ioc;pnl;;;
sesi;16;anglais ;;;multi;rout;projet;pnl;;ar;comnum;;;
sesi;17;anglais ;cge;;multi;ioc;pnl;projet;;ar;fpga;;;
sesi;18;anglais ;cge;;multi;ioc;pnl;projet;;fpga;ar;;;
sesi;19;anglais ;cge;;multi;fpga;ioc;pnl;;ar;comnum;;;
sesi;20;anglais ;cge;;multi;fpga;ioc;pnl;;ar;comnum;;;
sesi;21;anglais ;cge;;multi;fpga;ioc;pnl;;ar;comnum;;;
sesi;22;anglais ;cge;;fpga;pnl;multi;ioc;;projet;rout;;;
sesi;23;anglais ;cge;;ioc;fpga;comnum;projet;;multi;ecfa;;;
sesi;24;anglais ;cge;;ioc;multi;projet;ecfa;;comnum;fpga;;;
sesi;25;anglais ;cge;;ioc;fpga;pnl;multi;;projet;ecfa;;;
sesi;26;anglais ;cge;;ecfa;comnum;fpga;ioc;;multi;projet;;;
sesi;27;anglais ;cge;;multi;projet;pnl;fpga;;ioc;ar;;;
sesi;28;anglais ;cge;;ioc;fpga;projet;multi;;rout;pnl;;;
sesi;29;anglais ;cge;;multi;fpga;ioc;pnl;;ar;comnum;;;
sfpn;1;anum;;;;flag;hpc;fpga;;ml;pnl;;;
sfpn;2;anglais ;anum;;;flag;hpc;isec;;pnl;ml;fpga;;
sfpn;3;anglais ;anum;;;flag;hpc;isec;;fpga;ml;pnl;;
sfpn;4;anglais ;anum;;;isec;flag;hpc;;ml;pnl;fpga;;
sfpn;5;anglais ;anum;;;flag;hpc;isec;;pnl;fpga;ml;;
sfpn;6;anglais ;anum;;;hpc;flag;isec;;ml;pnl;fpga;;
sfpn;7;anglais ;anum;;;isec;flag;hpc;;ml;fpga;pnl;;
sfpn;8;anglais ;anum;;;isec;hpc;flag;;pnl;fpga;ml;;
sfpn;9;anglais ;anum;;;isec;flag;hpc;;fpga;pnl;ml;;
sfpn;10;anglais ;anum;;;flag;hpc;isec;;ml;fpga;pnl;;
sfpn;11;anglais ;;;;hpc;;;;fpga;pnl;ml;;
sfpn;12;anglais ;anum;;;isec;flag;hpc;;ml;pnl;fpga;;
sfpn;13;anglais ;anum;;;hpc;isec;flag;;pnl;fpga;ml;;
stl;1;;;;ca;paf;;;;;;;;
stl;2;;;;paf;pc2r;aps;cpa;;ca;cps;;;
stl;3;;;;paf;;;;;cps;cpa;;;
stl;4;;;;pc2r;cpa;cps;aps;;paf;ca;;;
stl;5;;;;pc2r;cpa;cps;aps;;paf;ca;;;
stl;6;;;;pc2r;cpa;cps;aps;;paf;ca;;;
stl;7;;;;aps;paf;;;;cpa;cps;;;
stl;8;;;;pc2r;cpa;cps;aps;;paf;ca;;;
stl;9;;;;pc2r;cps;cpa;paf;;ca;aps;;;
stl;10;;;;ca;cps;cpa;paf;;pc2r;aps;;;
stl;11;;;;ca;cps;cpa;paf;;pc2r;aps;;;
stl;12;;;;paf;cpa;pc2r;cps;;aps;ca;;;
stl;13;;;;cps;pc2r;cpa;aps;;ca;paf;;;
stl;14;;;;cps;pc2r;cpa;aps;;ca;paf;;;
stl;15;;;;cpa;cps;ca;paf;;aps;pc2r;;;
stl;16;;;;aps;pc2r;paf;;;ca;cpa;;;
stl;17;;;;paf;aps;pc2r;;;ca;cps;;;
stl;18;;;;paf;pc2r;aps;ca;;cps;cpa;;;
stl;19;;;;cpa;cps;paf;ca;;pc2r;aps;;;
stl;20;;;;cpa;cps;paf;ca;;pc2r;aps;;;
stl;21;;;;paf;pc2r;aps;cpa;;ca;cps;;;
stl;22;;;;cpa;cps;ca;paf;;pc2r;aps;;;
stl;23;;;;pc2r;paf;;;;cps;ca;;;
stl;24;;;;ca;cpa;paf;aps;pc2r;cps;;;;
stl;25;;;;paf;cpa;cps;pc2r;;aps;ca;;;
stl;26;;;;pc2r;paf;;;;aps;ca;;;
stl;27;;;;paf;pc2r;aps;cps;;cpa;ca;;;
stl;28;;;;ca;paf;aps;cpa;;pc2r;cps;;;
stl;29;;;;cps;pc2r;cpa;aps;;ca;paf;;;
stl;30;;;;paf;aps;pc2r;ca;;cpa;cps;;;
stl;31;;;;cps;pc2r;paf;cpa;;aps;ca;;;
stl;32;;;;cps;pc2r;cpa;ca;;aps;paf;;;
stl;33;;;;cps;pc2r;cpa;ca;;aps;paf;;;
stl;34;;;;pc2r;cps;paf;aps;;cpa;ca;;;
stl;35;;;;cps;cpa;ca;aps;;pc2r;paf;;;
stl;36;;;;aps;cps;pc2r;ca;;paf;cpa;;;
stl;37;;;;cps;pc2r;cpa;ca;;paf;aps;;;
stl;38;;;;pc2r;cps;cpa;paf;;aps;ca;;;
stl;39;;;;paf;pc2r;cpa;cps;;aps;ca;;;
stl;40;;;;paf;pc2r;cps;;;aps;cpa;;;
stl;41;;;;paf;pc2r;aps;cps;;ca;cpa;;;
